Workbook

Sheet Instrucțiuni
A1: Jurnal de trading · Trading de la Zero
A3: Cum îl folosești
A4: 1. În foaia „Jurnal” completezi doar coloanele cu text albastru (datele tale).
A5: 2. Coloanele negre se calculează automat: riscul pe unitate, rezultatul în R, rezultatul cumulat.
A6: 3. Foaia „Statistici” se actualizează singură: rata de câștig, speranța, profit factor, drawdown, seria de pierderi.
A7: 4. Primele 3 rânduri din jurnal sunt EXEMPLE. Șterge-le (doar celulele albastre) când începi.
A9: Explicația coloanelor
A10: Direcție: scrie Long sau Short.
A11: Intrare / Stop / Ieșire: prețurile exacte.
A12: Rezultat (R) = câștigul sau pierderea raportată la risc. 1R = suma riscată. −1R = stopul a fost atins.
A13: Conform planului: da / nu. E cea mai importantă coloană pentru progresul tău.
A14: Emoție: calm, nervos, FOMO, plictiseală, frică etc.
A16: Regula de aur: nu evalua strategia înainte de minimum 30 de tranzacții. Ideal 100.

Sheet Statistici
A1: Statistici (se calculează automat)
A3: Număr de tranzacții | B3: =COUNT(Jurnal!$M$2:$M$501) | C3: Sub 30: rezultatele sunt aproape doar zgomot.
A4: Câștigătoare | B4: =COUNTIF(Jurnal!$M$2:$M$501,">0")
A5: Pierzătoare | B5: =COUNTIF(Jurnal!$M$2:$M$501,"<0")
A6: Rata de câștig | B6: =IF(B3=0,0,B4/B3) | C6: Contează doar împreună cu câștigul mediu.
A7: Câștig mediu (R) | B7: =IFERROR(AVERAGEIF(Jurnal!$M$2:$M$501,">0"),0)
A8: Pierdere medie (R) | B8: =IFERROR(AVERAGEIF(Jurnal!$M$2:$M$501,"<0"),0) | C8: Ar trebui să fie aproape de −1R. Mult peste: muți stopul.
A9: Speranța (R / tranzacție) | B9: =IFERROR(AVERAGE(Jurnal!$M$2:$M$501),0) | C9: Peste 0 = strategie profitabilă; peste +0,2R = bine.
A10: Total (R) | B10: =SUM(Jurnal!$M$2:$M$501)
A11: Profit factor | B11: =IFERROR(SUMIF(Jurnal!$M$2:$M$501,">0")/-SUMIF(Jurnal!$M$2:$M$501,"<0"),0) | C11: Peste 1 = profitabil; 1,5–2 = bun.
A12: Drawdown maxim (R) | B12: =IFERROR(MAX(Jurnal!$T$2:$T$501),0) | C12: Compară-l cu drawdown-ul din backtest.
A13: Cea mai lungă serie de pierderi | B13: =IFERROR(MAX(Jurnal!$U$2:$U$501),0)
A14: SQN | B14: =IFERROR(SQRT(B3)*B9/STDEV(Jurnal!$M$2:$M$501),0) | C14: Peste 1,6 = ok; peste 2,5 = foarte bun (cu minimum 30 de tranzacții).
A15: Tranzacții conform planului | B15: =COUNTIF(Jurnal!$P$2:$P$501,"da")
A16: Speranța: conform planului | B16: =IFERROR(AVERAGEIF(Jurnal!$P$2:$P$501,"da",Jurnal!$M$2:$M$501),0) | C16: Compară cu rândul de mai jos.
A17: Speranța: în afara planului | B17: =IFERROR(AVERAGEIF(Jurnal!$P$2:$P$501,"nu",Jurnal!$M$2:$M$501),0) | C17: De obicei mult mai proastă. Asta e lecția.
A20: Curba de capital (R cumulat)

Sheet Jurnal
A1: Nr. | B1: Data | C1: Instrument | D1: Direcție | E1: Setup | F1: Interval | G1: Intrare | H1: Stop | I1: Țintă | J1: Mărime | K1: Ieșire | L1: Risc / unitate | M1: Rezultat (R) | N1: R cumulat | O1: Rezultat (bani) | P1: Conform planului | Q1: Emoție | R1: Greșeală / lecție | S1: Vârf cumulat | T1: Drawdown | U1: Serie pierderi
A2: =IF(B2="","",ROW()-1) | B2: 2026-03-03 | C2: EUR/USD | D2: Long | E2: Pullback EMA | F2: D1 | G2: 1.085 | H2: 1.079 | I2: 1.097 | J2: 0.08 | K2: 1.097 | L2: =IF(OR(G2="",H2=""),"",ABS(G2-H2)) | M2: =IF(OR(K2="",L2="",L2=0),"",IF(D2="Short",(G2-K2)/L2,(K2-G2)/L2)) | N2: =IF(M2="","",SUM($M$2:M2)) | O2: 96 | P2: da | Q2: calm | R2: Conform planului | S2: =IF(N2="","",MAX(0,MAX($N$2:N2))) | T2: =IF(N2="","",S2-N2) | U2: =IF(M2="","",IF(M2<0,1,0))
A3: =IF(B3="","",ROW()-1) | B3: 2026-03-06 | C3: GBP/USD | D3: Long | E3: Pullback EMA | F3: D1 | G3: 1.271 | H3: 1.264 | I3: 1.285 | J3: 0.07 | K3: 1.264 | L3: =IF(OR(G3="",H3=""),"",ABS(G3-H3)) | M3: =IF(OR(K3="",L3="",L3=0),"",IF(D3="Short",(G3-K3)/L3,(K3-G3)/L3)) | N3: =IF(M3="","",SUM($M$2:M3)) | O3: -49 | P3: da | Q3: calm | R3: Stop atins, OK | S3: =IF(N3="","",MAX(0,MAX($N$2:N3))) | T3: =IF(N3="","",S3-N3) | U3: =IF(M3="","",IF(M3<0,IF(U2="",1,U2+1),0))
A4: =IF(B4="","",ROW()-1) | B4: 2026-03-07 | C4: US500 | D4: Short | E4: Fără setup | F4: H1 | G4: 5120 | H4: 5150 | I4: 5060 | J4: 1 | K4: 5160 | L4: =IF(OR(G4="",H4=""),"",ABS(G4-H4)) | M4: =IF(OR(K4="",L4="",L4=0),"",IF(D4="Short",(G4-K4)/L4,(K4-G4)/L4)) | N4: =IF(M4="","",SUM($M$2:M4)) | O4: -40 | P4: nu | Q4: nervos | R4: Voiam să recuperez; am mutat stopul | S4: =IF(N4="","",MAX(0,MAX($N$2:N4))) | T4: =IF(N4="","",S4-N4) | U4: =IF(M4="","",IF(M4<0,IF(U3="",1,U3+1),0))
A5: =IF(B5="","",ROW()-1) | L5: =IF(OR(G5="",H5=""),"",ABS(G5-H5)) | M5: =IF(OR(K5="",L5="",L5=0),"",IF(D5="Short",(G5-K5)/L5,(K5-G5)/L5)) | N5: =IF(M5="","",SUM($M$2:M5)) | S5: =IF(N5="","",MAX(0,MAX($N$2:N5))) | T5: =IF(N5="","",S5-N5) | U5: =IF(M5="","",IF(M5<0,IF(U4="",1,U4+1),0))
A6: =IF(B6="","",ROW()-1) | L6: =IF(OR(G6="",H6=""),"",ABS(G6-H6)) | M6: =IF(OR(K6="",L6="",L6=0),"",IF(D6="Short",(G6-K6)/L6,(K6-G6)/L6)) | N6: =IF(M6="","",SUM($M$2:M6)) | S6: =IF(N6="","",MAX(0,MAX($N$2:N6))) | T6: =IF(N6="","",S6-N6) | U6: =IF(M6="","",IF(M6<0,IF(U5="",1,U5+1),0))
A7: =IF(B7="","",ROW()-1) | L7: =IF(OR(G7="",H7=""),"",ABS(G7-H7)) | M7: =IF(OR(K7="",L7="",L7=0),"",IF(D7="Short",(G7-K7)/L7,(K7-G7)/L7)) | N7: =IF(M7="","",SUM($M$2:M7)) | S7: =IF(N7="","",MAX(0,MAX($N$2:N7))) | T7: =IF(N7="","",S7-N7) | U7: =IF(M7="","",IF(M7<0,IF(U6="",1,U6+1),0))
A8: =IF(B8="","",ROW()-1) | L8: =IF(OR(G8="",H8=""),"",ABS(G8-H8)) | M8: =IF(OR(K8="",L8="",L8=0),"",IF(D8="Short",(G8-K8)/L8,(K8-G8)/L8)) | N8: =IF(M8="","",SUM($M$2:M8)) | S8: =IF(N8="","",MAX(0,MAX($N$2:N8))) | T8: =IF(N8="","",S8-N8) | U8: =IF(M8="","",IF(M8<0,IF(U7="",1,U7+1),0))
A9: =IF(B9="","",ROW()-1) | L9: =IF(OR(G9="",H9=""),"",ABS(G9-H9)) | M9: =IF(OR(K9="",L9="",L9=0),"",IF(D9="Short",(G9-K9)/L9,(K9-G9)/L9)) | N9: =IF(M9="","",SUM($M$2:M9)) | S9: =IF(N9="","",MAX(0,MAX($N$2:N9))) | T9: =IF(N9="","",S9-N9) | U9: =IF(M9="","",IF(M9<0,IF(U8="",1,U8+1),0))
A10: =IF(B10="","",ROW()-1) | L10: =IF(OR(G10="",H10=""),"",ABS(G10-H10)) | M10: =IF(OR(K10="",L10="",L10=0),"",IF(D10="Short",(G10-K10)/L10,(K10-G10)/L10)) | N10: =IF(M10="","",SUM($M$2:M10)) | S10: =IF(N10="","",MAX(0,MAX($N$2:N10))) | T10: =IF(N10="","",S10-N10) | U10: =IF(M10="","",IF(M10<0,IF(U9="",1,U9+1),0))
A11: =IF(B11="","",ROW()-1) | L11: =IF(OR(G11="",H11=""),"",ABS(G11-H11)) | M11: =IF(OR(K11="",L11="",L11=0),"",IF(D11="Short",(G11-K11)/L11,(K11-G11)/L11)) | N11: =IF(M11="","",SUM($M$2:M11)) | S11: =IF(N11="","",MAX(0,MAX($N$2:N11))) | T11: =IF(N11="","",S11-N11) | U11: =IF(M11="","",IF(M11<0,IF(U10="",1,U10+1),0))
A12: =IF(B12="","",ROW()-1) | L12: =IF(OR(G12="",H12=""),"",ABS(G12-H12)) | M12: =IF(OR(K12="",L12="",L12=0),"",IF(D12="Short",(G12-K12)/L12,(K12-G12)/L12)) | N12: =IF(M12="","",SUM($M$2:M12)) | S12: =IF(N12="","",MAX(0,MAX($N$2:N12))) | T12: =IF(N12="","",S12-N12) | U12: =IF(M12="","",IF(M12<0,IF(U11="",1,U11+1),0))
A13: =IF(B13="","",ROW()-1) | L13: =IF(OR(G13="",H13=""),"",ABS(G13-H13)) | M13: =IF(OR(K13="",L13="",L13=0),"",IF(D13="Short",(G13-K13)/L13,(K13-G13)/L13)) | N13: =IF(M13="","",SUM($M$2:M13)) | S13: =IF(N13="","",MAX(0,MAX($N$2:N13))) | T13: =IF(N13="","",S13-N13) | U13: =IF(M13="","",IF(M13<0,IF(U12="",1,U12+1),0))
A14: =IF(B14="","",ROW()-1) | L14: =IF(OR(G14="",H14=""),"",ABS(G14-H14)) | M14: =IF(OR(K14="",L14="",L14=0),"",IF(D14="Short",(G14-K14)/L14,(K14-G14)/L14)) | N14: =IF(M14="","",SUM($M$2:M14)) | S14: =IF(N14="","",MAX(0,MAX($N$2:N14))) | T14: =IF(N14="","",S14-N14) | U14: =IF(M14="","",IF(M14<0,IF(U13="",1,U13+1),0))
A15: =IF(B15="","",ROW()-1) | L15: =IF(OR(G15="",H15=""),"",ABS(G15-H15)) | M15: =IF(OR(K15="",L15="",L15=0),"",IF(D15="Short",(G15-K15)/L15,(K15-G15)/L15)) | N15: =IF(M15="","",SUM($M$2:M15)) | S15: =IF(N15="","",MAX(0,MAX($N$2:N15))) | T15: =IF(N15="","",S15-N15) | U15: =IF(M15="","",IF(M15<0,IF(U14="",1,U14+1),0))
A16: =IF(B16="","",ROW()-1) | L16: =IF(OR(G16="",H16=""),"",ABS(G16-H16)) | M16: =IF(OR(K16="",L16="",L16=0),"",IF(D16="Short",(G16-K16)/L16,(K16-G16)/L16)) | N16: =IF(M16="","",SUM($M$2:M16)) | S16: =IF(N16="","",MAX(0,MAX($N$2:N16))) | T16: =IF(N16="","",S16-N16) | U16: =IF(M16="","",IF(M16<0,IF(U15="",1,U15+1),0))
... A501: =IF(B501="","",ROW()-1) | L501: =IF(OR(G501="",H501=""),"",ABS(G501-H501)) | M501: =IF(OR(K501="",L501="",L501=0),"",IF(D501="Short",(G501-K501)/L501,(K501-G501)/L501)) | N501: =IF(M501="","",SUM($M$2:M501)) | S501: =IF(N501="","",MAX(0,MAX($N$2:N501))) | T501: =IF(N501="","",S501-N501) | U501: =IF(M501="","",IF(M501<0,IF(U500="",1,U500+1),0))
